{
  "camera": {
    "sensor_w_mm": 6.4,
    "sensor_h_mm": 4.8,
    "sensor_d_mm": 8.0,
    "crop_factor": 5.40875,
    "f_actual_mm": 4.991911254911024,
    "f_px": 1247.9778137277558,
    "cx": 800.0,
    "cy": 600.0,
    "orig_w": 4080,
    "orig_h": 3060,
    "img_w": 1600,
    "img_h": 1200
  },
  "stereo": {
    "baseline_ft": 1.0,
    "baseline_cm": 30.48,
    "gt_ft": 7.0,
    "gt_cm": 213.36
  },
  "matrices": {
    "K": [
      [
        1247.9778137277558,
        0.0,
        800.0
      ],
      [
        0.0,
        1247.9778137277558,
        600.0
      ],
      [
        0.0,
        0.0,
        1.0
      ]
    ],
    "F": [
      [
        1.2282141420435595e-09,
        6.503768239190495e-06,
        -0.005422192989062987
      ],
      [
        -6.238133463816933e-06,
        -1.3613078306601397e-08,
        0.00472239112946742
      ],
      [
        0.005264364389124986,
        -0.00596917668516045,
        1.0
      ]
    ],
    "E": [
      [
        0.11682749193719667,
        9.912379235120468,
        -1.8508964693164913
      ],
      [
        -9.935782210606865,
        -0.13011426947322582,
        -0.3323177521511557
      ],
      [
        1.93206386257591,
        -0.9242634059132776,
        0.24233084212766934
      ]
    ],
    "R": [
      [
        0.9916211423292746,
        0.012323974112284085,
        0.12859093960176388
      ],
      [
        -0.013325990461112887,
        0.9998871570048102,
        0.006934784428409763
      ],
      [
        -0.1284909649112149,
        -0.008590280491225634,
        0.9916734739909439
      ]
    ],
    "t": [
      0.09361616299319159,
      0.19110204014659604,
      0.9770957088628734
    ]
  },
  "detection": {
    "box_l": [
      586,
      313,
      151,
      142
    ],
    "cen_l": [
      661,
      384
    ],
    "box_r": [
      754,
      342,
      146,
      139
    ],
    "cen_r": [
      827,
      411
    ]
  },
  "estimation": {
    "disparity_px": 166.0,
    "Z_cm": 229.14676965314456,
    "Z_ft": 7.517938636914192,
    "error_cm": 15.786769653144546,
    "error_pct": 7.399123384488444
  },
  "matching": {
    "n_matches": 26,
    "n_inliers": 20
  }
}